faq_id,问题,答案,关联条款编号,关联共识编号,review_id,沉积来源,命中关键词,tags,状态,备注,更新时间
FAQ-0001,门店在打烊前 1 小时，可下架新品、重点品扣分吗？,根据共识 C-0089「新品、重点品下架尺度」：打烊前 1 小时门店主动下架新品/重点品，不属于过度提前下架，不扣分；其余时段仍按 C-0089 判定。,,C-0089,,手工,新品|重点品|下架|打烊前,faq|consensus-link,启用,种子条目；用于 B 档 FAQ 直答演示，可按需替换或删除,2026-04-22 11:00:00
FAQ-0002,化学品相关外购管理共识,"1.门店吧台区域的抽屉均需要查看， 只查看内部是否有违禁的化学品 （如：外购违规除胶剂，杀虫剂等）。其他私人物品等不管控； 2.出现在营运区,正处于 点燃状态下（正在燃烧） 的蚊香，扣非认可15分; 未点燃 的蚊香，扣私人物品3分； 3.杀虫剂出现在店内（非密闭独立空间）， 扣外购15分； 4. 【不可外购】、【可外购】及【化学品】稽核标准: 详见案例解读（图1+ 图2）； 【工服】【工帽】由于影响品牌形象面较严重，故不在【可使用】判定标准内，直接按【无法判断】流程进行； 5、发现外购除胶剂，门店现场废弃或带走不扣分",,CS-0047,,迁移自规则表,"化学品相关外购管理共识|如：外购违规除胶剂|杀虫剂等|其他私人物品等不管控|2.出现在营运区,正处于|点燃状态下（正在燃烧",consensus-link|migrated-from-rules|category-外购与非认可物料/器具,启用,迁移自规则表 R-0048；原条款编号=311；分类=外购与非认可物料/器具,2026-04-22 11:57:12
FAQ-0003,器具类相关外购管理共识,1. 门店使用钢丝类清洁器具 a. 钢丝类长柄地刷不扣分 ; b. 钢丝球 若未已用于封堵， 存放着或用于清洁，正常扣分 ; 2.这个工帽是公司的；(图1） 3.门店 外购封口夹，头花、仓垫板不扣分； 4.关于 外购容器扣分情况有哪些？ 针对与食品直接接触的容器，只稽核与原物料直接暴露后接触的 （如珍珠没有外包装直接放在容器内的）清洗中及清洗后的水果，对于未清洗的原果未去除外包装的原材料不做稽核； 5.关于保鲜膜相关： 保鲜膜、保鲜袋可外购且无需审批 ，但购买时注意包装上须标有 “GB4806”字样 (图2） ；若门店购买的保鲜膜或保鲜袋未有“GB4806”字样，将会按照稽核条款扣除15分，门店若提供检测报告内有GB4806的，可修改报告；,,CS-0053,,迁移自规则表,器具类相关外购管理共识|门店使用钢丝类清洁器具|钢丝类长柄地刷不扣分|钢丝球|若未已用于封堵|存放着或用于清洁,consensus-link|migrated-from-rules|category-外购与非认可物料/器具,启用,迁移自规则表 R-0049；原条款编号=311；分类=外购与非认可物料/器具,2026-04-22 11:57:12
FAQ-0004,门店出现发霉腐败等相关共识,"1.""工服发霉， 若已拆封 ，包括悬挂、穿着等， 扣外部发霉5分 若 未拆封 如放在袋子内部， 提醒门店带离 "" 2.门店 营运区的非食品操作木制品/硬装，若发霉-5，未发霉，提醒； 3.门店 设备器具出现发霉情况 ，若霉变部位有 和食品直接接触的风险，-15；",,CS-0064,,迁移自规则表,"1.""工服发霉|若已拆封|包括悬挂|穿着等|扣外部发霉5分|未拆封",consensus-link|migrated-from-rules|category-设备器具清洁/霉变/积垢,启用,迁移自规则表 R-0050；原条款编号=33；分类=设备器具清洁/霉变/积垢,2026-04-22 11:57:12
FAQ-0005,交叉污染相关稽核共识,1.蟑螂屋 是检测蟑螂的，不是粘蝇纸，是物理装置，在店里是可以放置的，不扣分； 2.水果清洗时未戴手套 需判 断果皮是否需要切除， 例如西瓜、桃子、芒果清洗不戴手套先不做扣分，提醒； 3.营运区器具食品接触面生锈积垢 待用的器具食品接触面积垢扣1分器具清洁，正在使用的器具食品接触面积垢，扣5分交叉污染； 特殊器具：沙冰壶、削皮刀、剪刀、水果刀、等刀类食品接触面积垢直接扣5分交叉污染 4.营运期间灭蝇纸放 在操作设备上方， 扣交叉污染 （门店苍蝇很多，消杀无法提供解决方案，在非操作区域和非顾客可视区，营运期间可放灭蝇纸） 5、店内员工福利物品 放在货架不扣；.放在冷藏柜等操作区域内正常扣分,,CS-0070,,迁移自规则表,交叉污染相关稽核共识|1.蟑螂屋|是检测蟑螂的|不是粘蝇纸|是物理装置|在店里是可以放置的,consensus-link|migrated-from-rules|category-交叉污染问题,启用,迁移自规则表 R-0051；原条款编号=34；分类=交叉污染问题,2026-04-22 11:57:12
FAQ-0006,门店阁楼的物料未离地储存,物料直接放置在阁楼、楼梯上，扣未离地，离地的定义：是否可行走活动,,CS-0076,,迁移自规则表,门店阁楼的物料未离地储存|物料直接放置在阁楼|楼梯上|扣未离地,consensus-link|migrated-from-rules|category-储存与离地问题,启用,迁移自规则表 R-0052；原条款编号=37；分类=储存与离地问题,2026-04-22 11:57:12
FAQ-0007,到货时物料未按标准储存,1、牛奶、安佳、冰淇淋 10分钟内收入冷藏/冷冻 2、第一梯队鲜果2小时内收入冷藏 3、其他物料4小时内按标准储存 （以上时间从门店签字收货后开始计时）,,CS-0077,,迁移自规则表,到货时物料未按标准储存|牛奶|安佳|冰淇淋|10分钟内收入冷藏/冷冻,consensus-link|migrated-from-rules|category-储存与离地问题,启用,迁移自规则表 R-0053；原条款编号=37；分类=储存与离地问题,2026-04-22 11:57:12
FAQ-0008,煮制品放置在盛装热水的容器内进行保温,煮制品放置在盛装热水的容器内进行保温易滋生细菌，产生食安风险。但由于目前暂未进行宣导，故遇到该类情况提醒不扣分,,CS-0078,,迁移自规则表,产生食安风险|但由于目前暂未进行宣导|故遇到该类情况提醒不扣分,consensus-link|migrated-from-rules|category-储存与离地问题,启用,迁移自规则表 R-0054；原条款编号=37；分类=储存与离地问题,2026-04-22 11:57:12
FAQ-0009,门店使用保温器,保温器仅可用于珍珠，其他半成品、饮品不可使用,,CS-0079,,迁移自规则表,门店使用保温器|保温器仅可用于珍珠|其他半成品|饮品不可使用,consensus-link|migrated-from-rules|category-储存与离地问题,启用,迁移自规则表 R-0055；原条款编号=37；分类=储存与离地问题,2026-04-22 11:57:12
FAQ-0010,若门店使用特调桶储存奶露,若奶露闷盖需扣储存；若虚盖、半开盖、盖子上扎孔(提醒使用透气网）不扣分,,CS-0080,,迁移自规则表,若门店使用特调桶储存奶露|若奶露闷盖需扣储存|若虚盖|半开盖,consensus-link|migrated-from-rules|category-储存与离地问题,启用,迁移自规则表 R-0056；原条款编号=37；分类=储存与离地问题,2026-04-22 11:57:12
FAQ-0011,若新购盐罐盖子盖不上,盐罐盖子盖不上，门店反馈一个月内新购盐罐，可不扣分,,CS-0081,,迁移自规则表,若新购盐罐盖子盖不上|盐罐盖子盖不上|门店反馈一个月内新购盐罐|可不扣分,consensus-link|migrated-from-rules|category-其他特殊判定,启用,迁移自规则表 R-0057；原条款编号=37；分类=其他特殊判定,2026-04-22 11:57:12
FAQ-0012,保温桶储存方式有误,保温桶如图盖盖，闷盖虚盖都不扣分。虚盖提醒门店更换成透气网，闷盖提醒盖紧,,CS-0082,,迁移自规则表,保温桶储存方式有误|保温桶如图盖盖|闷盖虚盖都不扣分|虚盖提醒门店更换成透气网|闷盖提醒盖紧,consensus-link|migrated-from-rules|category-储存与离地问题,启用,迁移自规则表 R-0058；原条款编号=37；分类=储存与离地问题,2026-04-22 11:57:12
FAQ-0013,门店之间转移物料使用一次性包材装,门店一次性包材用于物料转移，如向A门店借茶汤，用注塑杯装，提醒,,CS-0083,,迁移自规则表,如向A门店借茶汤|用注塑杯装|提醒,consensus-link|migrated-from-rules|category-其他特殊判定,启用,迁移自规则表 R-0059；原条款编号=37；分类=其他特殊判定,2026-04-22 11:57:12
FAQ-0014,使用公司的打包袋存放工器具,使用食品包装（pp袋）/非食品包装（打包袋）存放工器具不扣分,,CS-0084,,迁移自规则表,,consensus-link|migrated-from-rules|category-其他特殊判定,启用,迁移自规则表 R-0060；原条款编号=37；分类=其他特殊判定,2026-04-22 11:57:12
FAQ-0015,低峰期平冷凹槽内物料未盖份数盘盖子,平冷上方凹槽处冷藏物料未盖盖不扣分（仅针对份数盘内的物料，牛奶等不包括） 若有特殊物料要求的以 最新出品表和古茗学院为准 桃果茸 ：今年已与研发确认，在平冷凹槽内 无需 强制盖盖，无需扣储存方式；若在冰箱内部，按照要求需要盖盖； 若桃果茸明显褐变超出标准（标准请看古茗学院） 若现场没看到对应饮品操作：扣鲜果操作--稽核点--备注 若现场看到对应饮品操作：扣调饮操作--饮品--桃果茸明显褐变超出标准,,CS-0085,,迁移自规则表,牛奶等不包括|若有特殊物料要求的以|最新出品表和古茗学院为准|桃果茸|今年已与研发确认|在平冷凹槽内,consensus-link|migrated-from-rules|category-储存与离地问题,启用,迁移自规则表 R-0061；原条款编号=37；分类=储存与离地问题,2026-04-22 11:57:12
FAQ-0016,过期的下架物料放在仓库内且未贴禁用标识,过期的下架物料放在仓库内且未贴禁用标识，扣过期,,CS-0087,,迁移自规则表,扣过期,consensus-link|migrated-from-rules|category-物料效期问题,启用,迁移自规则表 R-0062；原条款编号=42；分类=物料效期问题,2026-04-22 11:57:12
FAQ-0017,巡检发现公司物料过期/无效期，门店反馈是个人食用的,若未张贴禁用标识，仅扣过期/无效期,,CS-0088,,迁移自规则表,门店反馈是个人食用的|若未张贴禁用标识|仅扣过期/无效期,consensus-link|migrated-from-rules|category-物料效期问题,启用,迁移自规则表 R-0063；原条款编号=42；分类=物料效期问题,2026-04-22 11:57:12
FAQ-0018,物料无效期|仓储区发现干橙片无效期|麻薯无效期|安佳淡奶油无效期|奇亚籽原料无效期|垃圾桶旁边发现过期生椰乳,物料无效期，现场与门店确认，现场无法找到或在垃圾桶内找到，属于效期缺失；仓储区/仓库内发现原物料（如干橙片）无效期，也按物料无效期处理；麻薯、淡奶油、奇亚籽、生椰乳等原物料/半成品出现无效期或过期，且并非私人物品或个人食用场景时，优先按物料无效期处理,,CS-0089,,迁移自规则表,物料无效期|现场与门店确认|属于效期缺失|仓储区发现原物料无效期|仓库内发现干橙片无效期|仓储区发现一包干橙片无效期|麻薯无效期|安佳淡奶油无效期|奇亚籽原料无效期|垃圾桶旁边发现过期生椰乳,consensus-link|migrated-from-rules|category-物料效期问题,启用,迁移自规则表 R-0064；原条款编号=39；分类=物料效期问题,2026-04-22 11:57:12
FAQ-0019,因效期机突然坏了，物料无效期,因效期机突然坏了，物料无效期，正常扣,,CS-0090,,迁移自规则表,因效期机突然坏了|物料无效期|正常扣,consensus-link|migrated-from-rules|category-物料效期问题,启用,迁移自规则表 R-0065；原条款编号=39；分类=物料效期问题,2026-04-22 11:57:12
FAQ-0020,容器内存在不同状态的同种物料，仅张贴了一张效期,"""容器内存在不同状态的同种物料，仅张贴了一张效期 例如：份数盘内有清洗状态和去蒂状态的草莓 ，仅张贴清洗效期 ，属于去蒂效期缺失 ，若仅张贴去蒂效期，效期过期扣过期，没过期提醒",,CS-0091,,迁移自规则表,仅张贴了一张效期|仅张贴清洗效期|属于去蒂效期缺失|若仅张贴去蒂效期|效期过期扣过期|没过期提醒,consensus-link|migrated-from-rules|category-外购与非认可物料/器具,启用,迁移自规则表 R-0066；原条款编号=39；分类=外购与非认可物料/器具,2026-04-22 11:57:12
FAQ-0021,物料张贴了同一品名的两张风味贴,物料张贴了同一品名的两张风味贴，其中一张过期，另一张未过期，属于风味贴错误（需要张贴两张风味贴的解冻品除外） 例如：【珍珠】张贴了两张风味贴，其中一张风味贴过期，另一张珍珠风味贴未过期，属于效期错误，若张贴了同一品名的两张风味贴，两张都未过期，提醒，撕掉错误风味贴 PS: 以上均为风味贴在了同一位置，如两张风味贴均贴在了份数盘上或效期卡上；若一张贴在份数盘上，一张贴在效期卡上，以份数盘的风味贴为准(份数盘上的过期，效期卡上的未过期，扣效期错误，反之则提醒) 物料张贴了不同品名的两张风味贴，其中一张过期，另一张未过期，按照物料对应的风味贴扣分，并提醒撕掉错误风味贴,,CS-0092,,迁移自规则表,其中一张过期|另一张未过期|其中一张风味贴过期|另一张珍珠风味贴未过期|属于效期错误|两张都未过期,consensus-link|migrated-from-rules|category-物料效期问题,启用,迁移自规则表 R-0067；原条款编号=42；分类=物料效期问题,2026-04-22 11:57:12
FAQ-0022,手写风味贴记录有误,手写风味贴，物料品名错误/缺失、物料制作时间及到期时间错误/缺失，属于 风味贴错误 同时确认稽核前是否有报修 1. 若无，所有手写风味贴按照 不同批次 及 不同产品 名叠加扣 2. 若有，需查看稽核拍照时是否存在已过期的手写风味贴， 有过期风味贴正常记录扣分 ，若没有过期风味贴，鉴于效期机临时损坏且有报修意识和记录风味贴的意识，仅本次可提醒，同时须在报告中写明规范的手写风味贴的内容,,CS-0094,,迁移自规则表,手写风味贴记录有误|手写风味贴|物料品名错误/缺失|属于|风味贴错误|同时确认稽核前是否有报修,consensus-link|migrated-from-rules|category-物料效期问题,启用,迁移自规则表 R-0068；原条款编号=39；分类=物料效期问题,2026-04-22 11:57:12
FAQ-0023,开封需张贴开封效期的解冻品，张贴了解冻效期,开封需张贴开封效期的解冻品，张贴了解冻效期，扣效期错误,,CS-0095,,迁移自规则表,张贴了解冻效期|扣效期错误,consensus-link|migrated-from-rules|category-物料效期问题,启用,迁移自规则表 R-0069；原条款编号=39；分类=物料效期问题,2026-04-22 11:57:12
FAQ-0024,效期机因打印纸偏离导致产品名称未显示在效期贴上,效期机因打印纸偏离导致产品名称未显示在效期贴上，若能通过效期打印记录核实，不扣分,,CS-0097,,迁移自规则表,若能通过效期打印记录核实|不扣分,consensus-link|migrated-from-rules|category-物料效期问题,启用,迁移自规则表 R-0070；原条款编号=39；分类=物料效期问题,2026-04-22 11:57:12
FAQ-0025,门店将物料存放在最小单位量器具内或提前将物料称量好，未张贴效期且未按标准储存,"""门店将物料存放在最小单位量器具内或提前将物料称量好，未张贴效期且未按标准储存，提醒不扣。 例1：门店接取一小量杯的茶汤，未张贴效期，不扣 例2：门店提前将煮糖水的白糖称量好，未张贴效期，提醒门店尽快使用，不扣分""",,CS-0098,,迁移自规则表,未张贴效期且未按标准储存|提醒不扣|未张贴效期|不扣|提醒门店尽快使用|不扣分,consensus-link|migrated-from-rules|category-储存与离地问题,启用,迁移自规则表 R-0071；原条款编号=39；分类=储存与离地问题,2026-04-22 11:57:12
FAQ-0026,直接平冷解冻的解冻品，效期未张贴至瓶身,直接平冷解冻的解冻品，且还在解冻时间内，已打印效期放在解冻品旁，未张贴至瓶身，不扣分 （但解冻品效期需遵循一一对应原则，若冷藏柜内存在直接平冷解冻的同一物料，不同批次，效期未张贴在对应物料上，扣一次效期错误） （详情可见图例，两个批次的草莓果泥，效期没有张贴在袋身上，扣一次效期错误）,,CS-0099,,迁移自规则表,直接平冷解冻的解冻品|效期未张贴至瓶身|且还在解冻时间内|已打印效期放在解冻品旁|未张贴至瓶身|不扣分,consensus-link|migrated-from-rules|category-储存与离地问题,启用,迁移自规则表 R-0072；原条款编号=39；分类=储存与离地问题,2026-04-22 11:57:12
FAQ-0027,门店将效期卡用于其他区域,门店将效期卡用于其他区域，且效期卡的效期能和物料一一对应，提醒不扣分（对外一律宣导效期卡仅可使用于平冷凹槽）,,CS-0100,,迁移自规则表,门店将效期卡用于其他区域,consensus-link|migrated-from-rules|category-物料效期问题,启用,迁移自规则表 R-0073；原条款编号=39；分类=物料效期问题,2026-04-22 11:57:12
FAQ-0028,效期错误共识变更,物料实际状态与张贴的风味贴【产品名称】不符，无论风味贴是否过期，均按【效期错误】进行记录 ，除以下两种风味贴未过期的特殊情况可不扣分提醒 ①物料张贴下一状态风味贴 情形1. 鲜果及冷冻品 ，判断是否下一状态具体参考门店效期机该物料状态是否挂靠在 鲜果 及 冷冻品 内） 情形2. 新增提醒 【 后厨原料 茶类 张贴后厨产出 茶汤 风味贴 】 （仅针对茶类） 提醒：未去皮西瓜张贴西瓜块风味贴，葡萄汁解冻张贴葡萄汁（倒出未密封）风味贴 ， 茉莉花茶茶叶 张贴 茉莉花茶茶汤 风味贴 扣分：奶盖浆张贴奶盖效期须正常扣【效期错误】，原因：奶盖风味贴为【后厨产出】，与奶盖浆非挂靠在同一级【冷冻品】下 ②物料有两种效期，且张贴的效期比实际储存状态应张贴的效期短（如冷藏的特调糖张贴常温效期） ③物料张贴非当前状态风味贴，但风味贴中物料种类且储存时长相同，仅盛装的容器不同 PS: 有一个特殊情况须注意 当解冻品张贴【解冻效期】敞口存放，若解冻效期未过期，扣效期错误，若解冻效期过期，扣过期（原因：解冻品的解冻效期为第一效期，解冻过期即为该物料过期）椰子水咖啡液等需要开封打开封效期的物料类似（如解冻效期过期未张贴开封效期，扣过期）,,CS-0102,,迁移自规则表,效期错误共识变更|无论风味贴是否过期|均按【效期错误】进行记录|①物料张贴下一状态风味贴|情形1|鲜果及冷冻品,consensus-link|migrated-from-rules|category-外购与非认可物料/器具,启用,迁移自规则表 R-0074；原条款编号=39；分类=外购与非认可物料/器具,2026-04-22 11:57:12
FAQ-0029,小青橘去蒂打清洗效期,小青橘去蒂打清洗效期不扣分（仓库到门店就会出现去蒂的现象），非自然脱落的需打切开效期,,CS-0103,,迁移自规则表,小青橘去蒂打清洗效期|非自然脱落的需打切开效期,consensus-link|migrated-from-rules|category-物料效期问题,启用,迁移自规则表 R-0075；原条款编号=39；分类=物料效期问题,2026-04-22 11:57:12
FAQ-0030,私人物品区出现过期物料,私人物品区出现过期物料，不扣分,,CS-0104,,迁移自规则表,私人物品区出现过期物料|不扣分,consensus-link|migrated-from-rules|category-物料效期问题,启用,迁移自规则表 R-0076；原条款编号=42；分类=物料效期问题,2026-04-22 11:57:12
FAQ-0031,洗手液开封效期缺失/过期,洗手消毒液仅原包装过期扣分,,CS-0105,,迁移自规则表,洗手液开封效期缺失/过期,consensus-link|migrated-from-rules|category-物料效期问题,启用,迁移自规则表 R-0077；原条款编号=43；分类=物料效期问题,2026-04-22 11:57:12
FAQ-0032,关于解冻品解冻相关稽核共识,1.门店 水浴池漏水 导致未没过解冻品或布丁等，提醒不扣 2.解冻品 水浴未没过液面，需证明解冻品不是漂浮状态 ，若漂浮状态则提醒不扣 3.解冻品 水浴超时且完全化冻 ，扣分（ 若门店发现后废弃，不扣分 ）；解冻品 水浴超时但未完全化冻 ，不扣分,,CS-0108,,迁移自规则表,1.门店|水浴池漏水|导致未没过解冻品或布丁等|提醒不扣|2.解冻品|水浴未没过液面,consensus-link|migrated-from-rules|category-其他特殊判定,启用,迁移自规则表 R-0078；原条款编号=42；分类=其他特殊判定,2026-04-22 11:57:12
FAQ-0033,门头灯未开启,街边店古茗招牌灯仅16：00-打烊未开启扣分，商场商超店：开业时间-闭店离开时间未开启,,CS-0109,,迁移自规则表,门头灯未开启,consensus-link|migrated-from-rules|category-其他特殊判定,启用,迁移自规则表 R-0079；原条款编号=27；分类=其他特殊判定,2026-04-22 11:57:12
FAQ-0034,调饮设备维护相关共识,1.关于摇摇机扣分尺度： 摇摇机误差+1秒， 老款超出误差，扣分 ； 新款设置正确，实际超出误差，提醒 ； 2.关于封口机扣分尺度： 封口机 【 加热盘】积垢不扣分 （图1）； 3.关于储冰槽扣分尺度： 冰槽滑轨 仅擦拭出金属粉末， 提醒清洁 ； 4. 关于 灭蝇灯 扣分尺度： a.灭蝇灯使用飞利浦灯管（新款灯管），但使用的是 3个月 的维护时间贴， 提醒不扣分 ； b.稽核巡检发现灭蝇纸在效期内，但虫尸超二分之一，若 有7天内的打卡记录，不扣分 ; 5.关于设备综合扣分尺度： a. 设备破损但可正常运转，提醒； b. 设备效期过期，过期日和巡检日是同一天，不扣分； c.报公司设备维保的门店，设备保养后若在保养期限内， 涉及到的所有问题（如发霉、维养时间贴、积垢等）仅记录不扣分 ，具体【设备】名单参考图表(图2），具体参保门店参考巡店计划内该门店是否有【月度维养】标签或月度维保名单；,,CS-0114,,迁移自规则表,调饮设备维护相关共识|1.关于摇摇机扣分尺度|摇摇机误差+1秒|老款超出误差|扣分|新款设置正确,consensus-link|migrated-from-rules|category-虫害与消杀问题,启用,迁移自规则表 R-0080；原条款编号=55；分类=虫害与消杀问题,2026-04-22 11:57:12
FAQ-0035,化学品相关稽核共识,1. 此款咖啡机药片 （图1），由于仓库发货时已经临期导致门店无法使用完，巡店时若 发现过期 ，提醒不扣分，让门店报损+报货新的即可； 2.查看/进入任何独立空间 ，例如门店抽屉、用门帘遮挡的空间、阁楼、有门的房间等 均需要 询问门店是否可以查看 ，得到明确的答复后方可查看，门店反馈不可查看为私人区域时，不用查看记录在报告提醒项即可；如果 空间内无任何营运相关物料 （设备、器具、原物料等），只有废弃的设备和化学品、木质品等，有门/门帘等作 阻隔且日常是关闭状态 ，提醒不扣分； 3.打包袋装化学品： 化学品有包装或独立包装 ，不扣分； 4. 指定除胶剂出现在营运区 （私人物品区除外），扣化学品定位； 5、消毒、去渍溶液用于非器具消毒的，不扣分,,CS-0126,,迁移自规则表,化学品相关稽核共识|此款咖啡机药片|图1|巡店时若|发现过期|提醒不扣分,consensus-link|migrated-from-rules|category-化学品问题,启用,迁移自规则表 R-0081；原条款编号=56；分类=化学品问题,2026-04-22 11:57:12
FAQ-0036,门店下架重点饮品和新品,重点饮品和新品下架稽核手法，判断是否门店主观不售卖（重点品不能下架、新品两周不能下架） ①有下架饮品所涉及的物料，出于主观原因（销量低报损高等原因）故意不售卖，正常扣分 ②对应仓有货，故意不售卖而不报货，正常扣分 由于特殊情况下架不扣分，如① 第一天断货下架，第二天来货了忘记上架 ② 断货下架后，当天来货未及时上架 ③ 人力原因，无时间制备新料，临时下架 ④门店打烊前2小时下架部分产品（打烊时间以小程序显示为准）,,CS-0127,,迁移自规则表,门店下架重点饮品和新品|新品两周不能下架|①有下架饮品所涉及的物料|正常扣分|②对应仓有货|故意不售卖而不报货,consensus-link|migrated-from-rules|category-其他特殊判定,启用,迁移自规则表 R-0082；原条款编号=19；分类=其他特殊判定,2026-04-22 11:57:12
FAQ-0037,拼好饭未配保温袋,拼好饭未配保温袋：查看门店订单，如果有保温袋费用，门店不给要扣分，如果没有就不扣,,CS-0128,,迁移自规则表,拼好饭未配保温袋|如果有保温袋费用|门店不给要扣分|如果没有就不扣,consensus-link|migrated-from-rules|category-储存与离地问题,启用,迁移自规则表 R-0083；原条款编号=21；分类=储存与离地问题,2026-04-22 11:57:12
FAQ-0038,现场巡检时发现发现门店调饮操作错误,1. 首先询问认知是否有问题 2. 如果是认知正确，操作错误，有监控或者其他证据证明是操作错误的，扣分；如果证明不了，不扣分 3. 如果认知错误且操作错误，扣分 【ps：①操作错误指可以通过监控/巡店记录仪回溯问题点，若角度受限无法证明不扣分②若门店反馈为顾客特殊要求的，可提供证明不扣也不加分（例如订单备注，顾客电话等）】,,CS-0130,,迁移自规则表,首先询问认知是否有问题|如果是认知正确|操作错误|扣分|如果证明不了|不扣分,consensus-link|migrated-from-rules|category-证照/记录/人员规范,启用,迁移自规则表 R-0084；原条款编号=59；分类=证照/记录/人员规范,2026-04-22 11:57:12
FAQ-0039,发现门店使用的糖浆压头非标准压头,若门店糖浆压头非标准压头，需现场测试1次，合格提醒更换；测试1次不合格，再测2次，有一次合格提醒更换，3次都不合格，扣分,,CS-0131,,迁移自规则表,若门店糖浆压头非标准压头|需现场测试1次|合格提醒更换|测试1次不合格|再测2次|有一次合格提醒更换,consensus-link|migrated-from-rules|category-其他特殊判定,启用,迁移自规则表 R-0085；原条款编号=59；分类=其他特殊判定,2026-04-22 11:57:12
FAQ-0040,巡检时发现勺类错误,巡检发现勺类错误，无加分机会,,CS-0132,,迁移自规则表,巡检时发现勺类错误|巡检发现勺类错误|无加分机会,consensus-link|migrated-from-rules|category-其他特殊判定,启用,迁移自规则表 R-0086；原条款编号=59；分类=其他特殊判定,2026-04-22 11:57:12
FAQ-0041,水果超量/不足量,"一、 水果超过误差提醒不扣分 （例如莓莓鲜橙茶的去蒂草莓要求100g，误差为＋5g，若实际称量为106g，提醒不扣分，但是调饮操作不加分） 二、 水果的量仅少1g提醒不扣分 （例如草莓鲜橙茶的去蒂草莓要求100g,若实际称量为99g，提醒不扣分，同样调饮不加分）",,CS-0133,,迁移自规则表,水果超量/不足量|水果超过误差提醒不扣分|误差为＋5g|若实际称量为106g|提醒不扣分|但是调饮操作不加分,consensus-link|migrated-from-rules|category-其他特殊判定,启用,迁移自规则表 R-0087；原条款编号=59；分类=其他特殊判定,2026-04-22 11:57:12
FAQ-0042,门店勾勺使用不正确,勺子可以从小变大，但是不能大变小，最终看CC总量即可（百香果20CC*3，可以直接用60CC*1 但是桃汁60CC*1不可以30CC*2）,,CS-0135,,迁移自规则表,门店勾勺使用不正确|勺子可以从小变大|但是不能大变小|可以直接用60CC*1,consensus-link|migrated-from-rules|category-其他特殊判定,启用,迁移自规则表 R-0088；原条款编号=59；分类=其他特殊判定,2026-04-22 11:57:12
FAQ-0043,清洁工具维护相关稽核共识,1.垃圾桶扣分尺度 ① 未套垃圾袋，若桶无渗漏现象 不扣 ②公司款合页垃圾桶，仅 未盖盖或完全开盖 ，扣分 ③箱子或桶内 空瓶盖紧，无剪口瓶子 (如剪口使用的厚乳、咖奶等）不扣 ④表面残留垃圾， 营运过程中产生的不扣 ，若扣分需判断门店 垃圾桶打卡 ，若有打卡不扣 ⑤桶内无湿垃圾， 专扔小票纸、标签纸等干垃圾 可无盖，接触后可不洗手 ⑥出现在 吧台正下方内嵌空间 的，出现机会点不扣提醒 2.针对【营运过程中门店将空牛奶瓶等类似物料， 临时放置 在小钢桌/货架等非明显垃圾收纳区域，准备后续统一处理】的情形，提醒不扣 3.清洁工具与食品接触器具存放在一起 a. 清洁食品接触面的工具 与食品接触器具放一起，提醒不扣 例：刷漏盆刷子与滤布均挂在后厨操作台挂钩上（无论两个器具是否接触），提醒不扣 b. 清洁非食品接触面的工具 与食品接触器具放在一起，若两个器具未接触，扣清洁工具定位1分，接触扣交叉污染5分 例：刷台面/地面/除霜等刷子与滤布均挂在后厨操作台挂钩上，若两个器具未接触，扣清洁工具定位1分，接触则扣交叉污染5分 4.地刮等清洁工具定位 /倚靠在 立式冷藏柜 (不含平冷柜，原因：平冷柜含操作台面）、 冷冻柜及制冰机侧面 不扣,,CS-0136,,迁移自规则表,清洁工具维护相关稽核共识|1.垃圾桶扣分尺度|未套垃圾袋|若桶无渗漏现象|不扣|②公司款合页垃圾桶,consensus-link|migrated-from-rules|category-交叉污染问题,启用,迁移自规则表 R-0089；原条款编号=36；分类=交叉污染问题,2026-04-22 11:57:12
FAQ-0044,证件管理相关共识,1.关于 食品经营许可证、营业执照共识 a.实际门店 有证，未公示 在外， 扣1分整改项 b.无食品经营许可证，分总同意记录可改 c.巡检前已出证，未领取，24h内提供，不扣分 d.食品经营许可证到期需要放存疑，分总同意改提醒项记录 2.关于健康证共识：现场发现店员无健康证，但门店反馈已办理 a. 告知门店需巡检后的 24小时内回传; b. 需在报告中写明 ：现场未发现***健康证，但门店反馈已经出证，需门店24小时内回传证明。 c. 如 24小时内未回传即不可修改 （周末及法定节假日顺延）; d.门店申诉时须要求提供 健康证正反面证件的【视频】 或 查询电子健康证的【视频】 ，避免门店P图无法识别真伪; 3.关于店内伙伴未满16周岁共识 店内伙伴＜16岁， 非雇佣关系的 ，不算雇佣童工， 提醒不扣分;,,CS-0141,,迁移自规则表,证件管理相关共识|1.关于|食品经营许可证|营业执照共识|a.实际门店|有证,consensus-link|migrated-from-rules|category-证照/记录/人员规范,启用,迁移自规则表 R-0090；原条款编号=308；分类=证照/记录/人员规范,2026-04-22 11:57:12
FAQ-0045,新款pc份数盘盖,新款pc份数盘盖门店在低峰期这个状态，盖子也是连接处也是掉了一截，提醒不扣分,,CS-0143,,迁移自规则表,新款pc份数盘盖|提醒不扣分,consensus-link|migrated-from-rules|category-其他特殊判定,启用,迁移自规则表 R-0091；原条款编号=None；分类=其他特殊判定,2026-04-22 11:57:12
FAQ-0046,布丁等冰浴物料扣分要求,布丁冰浴时，没有冰且冰水液面未高于份数盘液面，需要查看布丁是否凝固 1. 已凝固的，仅扣储存（冰块已经完全化完） 2. 未凝固的，仅扣操作（冰水液面未高于份数盘内布丁液面） 同理：①仙草/清凉冻 ②布丁冰浴时，冰水液面未高于份数盘液面但已凝固也不扣分,,CS-0145,,迁移自规则表,布丁等冰浴物料扣分要求|布丁冰浴时|需要查看布丁是否凝固|已凝固的|未凝固的|同理：①仙草/清凉冻,consensus-link|migrated-from-rules|category-储存与离地问题,启用,迁移自规则表 R-0092；原条款编号=None；分类=储存与离地问题,2026-04-22 11:57:12
FAQ-0047,陈列物料扣分尺度,1. 涉及到活动画面（海报内有时间）均给48h的容错时间 2. 留胶3处大小的判定标准：一个指甲盖 3. 门店布置的企划氛围类陈列，不作为【粘贴涂抹】的整改项。类似心声墙、我在xx很想你、墙面或者吧台装饰物，但若触发了别的整改项如使用了易撕贴等，正常进行整改项判定 4. 门店由于特殊原因（城管不要外面悬挂）使用透明胶布在玻璃内部张贴横幅且出现如图所示的可见胶布也不算做门店【粘贴涂抹】整改项，类似的由于特殊原因参考上述案例 5、针对【招聘海报】手写、打印门店稽核变更如下： 一.【手写】记录扣分要求不变 二.【打印】要求变更如下：①若门店使用【白色底色作为纯色背景色，如白底黑字、白底红字等】如下图，正常进行记录扣分②若门店使用【非白色底色作为纯色背景色，如红底黑字、蓝底红字等】不需要记录、不要求门店整改 6、关于【陈列物料/画面出现其它品牌logo】整改点，涉及到如装饰材料等与陈列无关的设施出现其他品牌的logo，暂不做监管 7、若当地【政府相关部门】关于部分陈列有特别要求的，出现了不符合公司现有陈列要求的情形，也不作为稽核项（不扣分也不需要门店整改），例如市场管理局指定要求门店在【发光形象墙面】上张贴【食品安全公示牌】，这类政府相关部门的特别要求，不作为稽核项，在报告提醒项内备注原因即可，政府公示牌允许悬挂在发光形象墙 8、ip联名物料（如天官赐福、莲花楼等），涉及可售卖或赠送的ip周边物料（如贴纸等）、包材耗材（如杯套、打包袋等）仅不作为过期下架进行扣分，若触发了别的稽核点或整改点正常记录，如粘贴涂抹等；不可售卖或赠送的ip联名物料，例如a4海报、拉布灯箱等过期正常进行记录 9、其他门店的菜单，放在古茗店里进行合作引流不作为【其他logo】扣分项，若涉及到手写/自制或张贴涂抹等其他机会点正常扣分记录。如隔壁炸鸡店，将菜单放在古茗店内 10、门店WiFi密码手写不扣陈列打印/手写的自制 11、门店手画氛围物，不做要求，类似这种,,CS-0146,,迁移自规则表,陈列物料扣分尺度|门店布置的企划氛围类陈列|类似心声墙|我在xx很想你|墙面或者吧台装饰物|正常进行整改项判定,consensus-link|migrated-from-rules|category-物料效期问题,启用,迁移自规则表 R-0093；原条款编号=29；分类=物料效期问题,2026-04-22 11:57:12
FAQ-0048,原保期计算逻辑,"关于物料原包装保质期是否过期计算逻辑同步 例如： 某物料生产日期为20240618，保质期5天（0618，0619，0620，0621，0622）,即到期日期为20240622，20240622为保质期内的最后一天，故20240623 00：00过期 情形一：原包装上已明确写明【到期日期】的物料(一般到期日期位置与生产日期在同一位置，可查看食品标签内提示)，【到期日期】的后一天即为【过期日期】，系统内填写【过期日期】的0点 例如：以仙草为例，食品标签上未标注保质期，罐身上告知【生产日期】位置，同时可看到【有效日期】，【有效日期】即为【到期时间】（具体描述名词可能存在差异，概念一样）故20260105为保质期内的最后一天，即于20260106 0点 过期 情形二：原包装上未明确写明【到期日期】的物料，但标注了【生产日期】及保质期，可用微信小程序【保质期计算器】进行计算，得到【到期日期】后，【到期日期】的后一天即为【过期日期】，系统内填写【过期日期】的0点 例如：以茶叶为例，食品标签上未标注【到期日期】，标注了【生产日期】及保质期，使用【保质期计算器】可得【到期日期】为20251026，故20251026为保质期内的最后一天，即于20251027 0点 过期（过期按天数计算，不精确到小时分钟秒，左下角7：44：18不做参考）",,CS-0150,,迁移自规则表,原保期计算逻辑|例如|保质期5天（0618|故20240623|00：00过期|可查看食品标签内提示,consensus-link|migrated-from-rules|category-物料效期问题,启用,迁移自规则表 R-0094；原条款编号=42；分类=物料效期问题,2026-04-22 11:57:12
FAQ-0049,超废弃和赏味期同一时间,两个时间一致且过期的情况下按赏味期扣分,,CS-0153,,迁移自规则表,超废弃和赏味期同一时间,consensus-link|migrated-from-rules|category-物料效期问题,启用,迁移自规则表 R-0095；原条款编号=42；分类=物料效期问题,2026-04-22 11:57:12
FAQ-0050,门店操作问题参考出品表,关于门店操作问题以出品表为准，出品表内未写的问题不做记录，如奶盖过稀过稠不在表内，不做记录 若觉得门店该操作会影响产品品质，但出品表内无对应问题点，可以反馈教研伙伴，询问是否要加入到出品表内，但现阶段表内若没有对应问题点的均不记录,,CS-0154,,迁移自规则表,门店操作问题参考出品表|如奶盖过稀过稠不在表内|不做记录|但出品表内无对应问题点|可以反馈教研伙伴|询问是否要加入到出品表内,consensus-link|migrated-from-rules|category-证照/记录/人员规范,启用,迁移自规则表 R-0096；原条款编号=None；分类=证照/记录/人员规范,2026-04-22 11:57:12
FAQ-0051,以包装保质期为准的物料风味贴错误,关于门店稽核时，遇到如赤砂糖等风味贴上标注最佳赏味期【以包装保质期为准】的物料，如未按以上正确操作执行，扣【风味贴错误】,,CS-0157,,迁移自规则表,关于门店稽核时|如未按以上正确操作执行|扣【风味贴错误】,consensus-link|migrated-from-rules|category-物料效期问题,启用,迁移自规则表 R-0097；原条款编号=39；分类=物料效期问题,2026-04-22 11:57:12
FAQ-0052,稽核时物料刚过期且门店忙碌,对于门店处于忙碌状态（持续在操作），发现物料效期刚好到期，没有立刻废弃的，给到3分钟的观察期。 例如：珍珠12:00到期，稽核专员12:01发现珍珠过期，此时门店调饮区持续在操作饮品，则12:00-12:03属于观察期。 观察期内，对过期物料先不做扣分，看员工是否在观察期内废弃掉物料： 1、如废弃，本次作为提醒项，不扣分； 2、如未废弃，则做扣分。 3、此过程中，如发现门店要使用过期物料，则需要立刻制止使用并废弃，并记录扣分,,CS-0159,,迁移自规则表,发现物料效期刚好到期|没有立刻废弃的|给到3分钟的观察期|例如：珍珠12:00到期|观察期内|对过期物料先不做扣分,consensus-link|migrated-from-rules|category-物料效期问题,启用,迁移自规则表 R-0098；原条款编号=42；分类=物料效期问题,2026-04-22 11:57:12
FAQ-0053,咖啡机稽核点,咖啡机增项以下稽核点 1.出液头，有明显陈旧性积垢【一般呈褐色】，用手无法擦拭干净 2.蒸汽棒，蒸汽棒或蒸汽棒头有明显陈旧性积垢【一般呈褐色】，用手无法擦拭干净 3.咖啡机身，咖啡机外壁有明显陈旧性积垢【一般呈褐色】或奶垢，用手无法擦拭干净 4.咖啡机顶盖，顶盖积灰严重 图片详见案例,,CS-0160,,迁移自规则表,咖啡机稽核点|咖啡机增项以下稽核点|1.出液头|用手无法擦拭干净|2.蒸汽棒|3.咖啡机身,consensus-link|migrated-from-rules|category-设备器具清洁/霉变/积垢,启用,迁移自规则表 R-0099；原条款编号=35；分类=设备器具清洁/霉变/积垢,2026-04-22 11:57:12
FAQ-0054,设备相关外购管理共识,"1. 冷藏冷冻未走【外购审批】但在【已外购冷藏冷冻设备报备流程】内 冷藏冷冻未走【外购审批】但在【已外购冷藏冷冻设备报备流程】内不进行扣分 ，且不需要提醒门店补交【外购审批】，后续也不因为门店未补交【外购审批】扣分 具体【已外购冷藏冷冻设备报备流程】清单，详见【稽核答疑群】（图1） 2. 外购政府单位/外部机构强制购买的设备/工器具 政府单位/外部机构有要求必须要使用他们规定的设备/工器具的(举例：学校店要求统一的标签机等),需要 提交外购审批做门店留档，此期间如发生稽核仅提醒不扣分； 3. 门店早期外购的设备器具 门店早期外购设备器具，后续提交审批被拒，若 拒绝原因是资质类 （发票无法提供等）不全， 不扣分； 4. 接手店内发现外购物品无审批 接手店内发现外购物品无审批若门店为接手店，不清楚设备器具是否外购， 第一次提醒，第二次扣分； 5、外购认可货物无审批，24h内购买物料且报备督导同意购买使用，不扣分",,CS-0161,,迁移自规则表,设备相关外购管理共识|详见【稽核答疑群】（图1|提交外购审批做门店留档|门店早期外购的设备器具|门店早期外购设备器具|后续提交审批被拒,consensus-link|migrated-from-rules|category-外购与非认可物料/器具,启用,迁移自规则表 R-0100；原条款编号=311；分类=外购与非认可物料/器具,2026-04-22 11:57:12
FAQ-0055,非高原门店冷藏珍珠,①贴了生粉圆的风味贴但没有报备研发，暂提醒门店不做记录，等通知确认 ②未贴风味贴，扣储存 （高原门店指：云南贵州四川湖南）,,CS-0165,,迁移自规则表,非高原门店冷藏珍珠|暂提醒门店不做记录|等通知确认|②未贴风味贴|扣储存,consensus-link|migrated-from-rules|category-储存与离地问题,启用,迁移自规则表 R-0101；原条款编号=None；分类=储存与离地问题,2026-04-22 11:57:12
FAQ-0056,【多门头门店】允许在不同门头下方均张贴大横幅,例如常见的转角门店在转角两侧的门头下均张贴大横幅，无须提醒门店整改,,CS-0169,,迁移自规则表,无须提醒门店整改,consensus-link|migrated-from-rules|category-其他特殊判定,启用,迁移自规则表 R-0102；原条款编号=297；分类=其他特殊判定,2026-04-22 11:57:12
FAQ-0057,高峰期稽核,实地巡检期间调饮区出现 3杯 及以上饮品统一视为高峰期，操作台上方物料未加盖不进行稽核,,CS-0171,,迁移自规则表,高峰期稽核|实地巡检期间调饮区出现|3杯|及以上饮品统一视为高峰期,consensus-link|migrated-from-rules|category-其他特殊判定,启用,迁移自规则表 R-0103；原条款编号=None；分类=其他特殊判定,2026-04-22 11:57:12
FAQ-0058,咖啡机药品效期问题,此款咖啡机药品无效期，暂不做扣分,,CS-0172,,迁移自规则表,咖啡机药品效期问题|此款咖啡机药品无效期|暂不做扣分,consensus-link|migrated-from-rules|category-物料效期问题,启用,迁移自规则表 R-0104；原条款编号=None；分类=物料效期问题,2026-04-22 11:57:12
FAQ-0059,虫害管理相关共识,"1.发现虫害尸体（可见图1） a:器具上扣5分交叉 b:冰块、食品中扣15分虫害 c:其他地方扣1分清洁卫生 2.发现蟑螂活体： 在门店发现蟑螂活体即扣15分，特殊情况如下： a.虫害公司 上门服务的7天内，提醒不扣分 ,（蟑螂有应激反应） b.虫害公司 上门服务的7天内，若蟑螂出现在食品内或冰块内 ，-15分 （关于虫害扣分，若门店在巡检前有上报消杀，均不扣分）",,CS-0173,,迁移自规则表,虫害管理相关共识|a:器具上扣5分交叉|b:冰块|食品中扣15分虫害|2.发现蟑螂活体|特殊情况如下,consensus-link|migrated-from-rules|category-虫害与消杀问题,启用,迁移自规则表 R-0105；原条款编号=309；分类=虫害与消杀问题,2026-04-22 11:57:12
FAQ-0060,门店预称量准备使用的物料,实地发现门店奶C粉提前称取好用于泡制奶茶，未张贴风味贴，需要验证核实是否是用于奶茶操作，可现场复称奶C数据是否正确， 数据正确可不进行扣分 同理可类比其他待使用的物料,,CS-0174,,迁移自规则表,门店预称量准备使用的物料|未张贴风味贴|数据正确可不进行扣分,consensus-link|migrated-from-rules|category-物料效期问题,启用,迁移自规则表 R-0106；原条款编号=None；分类=物料效期问题,2026-04-22 11:57:12
FAQ-0061,后厨设备维护相关共识,"1.关于制冰机扣分尺度： a.月度维养门店均不扣 （且不用拆制冰区） b.非月度维养门店： 公司设备原因提醒不扣 ，例如：制冰板脱镍、水泵脱漆/有水垢、内部零件生锈等； 非公司设备原因扣分 ，例如清洁不良导致的积垢、发霉，异物、虫害等非设备本身原因的问题； c.关于冰块克重： 克重均值需在7.5-8.5g之间，可测量3次，3次中有1次合格即可(随机尽量选顶部厚的冰块； 如果反馈说是制冰机问题，无法达到克重已报修的，属实可不扣分，正常记录已报修落点； 2.关于净水器扣分尺度： a.新款净水器 :粗滤颜色不再稽核，只稽核效期； b.旧款净水器:门店双PP棉的， 只需查看第二根PP棉的颜色即可 ; 只有粗滤无精滤，需扣分 。 无精滤属于自来水直供，需加装精滤，同时让门店联系设备检测是否需要更换超滤滤芯 3.关于泡茶机扣分尺度： 沥水板、出水口 营运中的污渍不进行扣分 ，提醒门店立即清洁； 4.关于电磁炉扣分尺度： 下方有挡板的，通风处积灰不扣分; (图1） 5.关于冷冻柜扣分尺度： a.结霜扣分标准：其中 一面结霜均超过1cm； （图2） b. 密封条破损，如未订购新 的 ,扣分；",,CS-0175,,迁移自规则表,后厨设备维护相关共识|1.关于制冰机扣分尺度|a.月度维养门店均不扣|且不用拆制冰区|b.非月度维养门店|公司设备原因提醒不扣,consensus-link|migrated-from-rules|category-虫害与消杀问题,启用,迁移自规则表 R-0107；原条款编号=46；分类=虫害与消杀问题,2026-04-22 11:57:12
FAQ-0062,未开封的仙草汁可冷藏储存,未开封的仙草汁可冷藏储存,,CS-0181,,迁移自规则表,未开封的仙草汁可冷藏储存,consensus-link|migrated-from-rules|category-储存与离地问题,启用,迁移自规则表 R-0108；原条款编号=None；分类=储存与离地问题,2026-04-22 11:57:12
FAQ-0063,25款抹茶液应闷盖,25年最新的抹茶液配方要求：冷藏闷盖（与去年不同），故门店无论是放在量桶中（备用）、挤压瓶中均需要冷藏闷盖储存，包保鲜膜也属于闷盖的一种处理方式 挤压瓶的部分黑色盖子可能会出现回弹的情况（可能是品质问题，可能是气压问题）： 故挤压瓶（ 黑色盖子完好无损的情况下 ）未盖好，不做扣分，及时提醒门店重新盖好即可（图1） 但挤压瓶（ 黑色盖子已破损断裂丢失 ），门店已无法完成闷盖操作，则正常记录储存扣分（图2）,,CS-0182,,迁移自规则表,25款抹茶液应闷盖|可能是气压问题|故挤压瓶|黑色盖子完好无损的情况下|未盖好|不做扣分,consensus-link|migrated-from-rules|category-外购与非认可物料/器具,启用,迁移自规则表 R-0109；原条款编号=37；分类=外购与非认可物料/器具,2026-04-22 11:57:12
FAQ-0064,储存中的黑糖珍珠换水稽核,只要在 【黑糖珍珠赏味期】 内门店有更换一次就不扣分,,CS-0185,,迁移自规则表,储存中的黑糖珍珠换水稽核|只要在|【黑糖珍珠赏味期】|内门店有更换一次就不扣分,consensus-link|migrated-from-rules|category-储存与离地问题,启用,迁移自规则表 R-0110；原条款编号=None；分类=储存与离地问题,2026-04-22 11:57:12
FAQ-0065,赤砂糖风味贴错误扣分情形,非以下情形均进行扣分 1. 保留完整原包装（实物或照片） 2. 手写到期时间 3. 手写生产时间及保质期 4. 手写生产时间、保质期及到期时间,,CS-0186,,迁移自规则表,赤砂糖风味贴错误扣分情形|非以下情形均进行扣分|手写到期时间|手写生产时间及保质期|手写生产时间|保质期及到期时间,consensus-link|migrated-from-rules|category-物料效期问题,启用,迁移自规则表 R-0111；原条款编号=None；分类=物料效期问题,2026-04-22 11:57:12
FAQ-0066,一次性包材使用扣分尺度,一。以下均为 第一次 使用该包材用于储存 ①用于临时周转使用，提醒不扣 判定标准：物料本身的赏味期在当天营运期或打烊前须过期废弃的 例如：奶盖碗里储存香水柠檬片、注塑杯内储存芋泥等 ②用于长期储存物料，正常扣分 判定标准： 物料本身的赏味期可过夜且至少可延长至第二天仍可继续使用的 例如：奶盖碗里储存酷脆（开封） 酷脆（开封）赏味期 14天 ③24小时门店赏味期在1天以内的均判定为临时周转 二。若该一次性包材已明确被 重复 使用，例如用 牛奶瓶装茶汤 等，正常扣一次性包材重复使用 三。若门店用 公司打包袋等非食品级的储存容器/包装 存放食材，扣储存,,CS-0189,,迁移自规则表,一次性包材使用扣分尺度|以下均为|第一次|使用该包材用于储存|①用于临时周转使用|提醒不扣,consensus-link|migrated-from-rules|category-外购与非认可物料/器具,启用,迁移自规则表 R-0112；原条款编号=None；分类=外购与非认可物料/器具,2026-04-22 11:57:12
FAQ-0067,交叉污染中的水果、蔬菜及肉类的扣分尺度,区分是否扣交叉污染的前提是确认 是否有生熟交叉的情况或风险产生 例如： 已经清洗好 的苹果放置在操作台或冷藏冰箱内，扣行为规范 未清洗的 扣交叉污染，同理可类比蔬菜 肉类 无论生肉熟肉，均为交叉污染 以上情况与存储的容器无关联，若未清洗的苹果存放在袋中或箱子内，且放置在操作台/冷藏冷冻/货架等、仍扣交叉污染 生： 需要门店进行煮制等热加工后才能调饮出售的食品原料（如未经煮制的珍珠、青团等）以及未清洗的原果 熟 （包括即食食品）：成品珍珠、青团等煮制品，清洗后的水果以及不经过煮制等热加工即可食用的冷冻果浆等,,CS-0190,,迁移自规则表,交叉污染中的水果|蔬菜及肉类的扣分尺度|例如|已经清洗好|扣行为规范|未清洗的,consensus-link|migrated-from-rules|category-交叉污染问题,启用,迁移自规则表 R-0113；原条款编号=None；分类=交叉污染问题,2026-04-22 11:57:12
FAQ-0068,原物料破损共识,门店伙伴对于 物料本身 有明确加工处理动作后 （日常理货、直接平冷解冻除外） ，若门店未在稽核前识别物料有破损，进行扣分 例如： ① 已水浴解冻结束转移至平冷内继续解冻 的 解冻品，若出现破损，进行扣分 （ 水浴为加工处理手段 ） ②直接在平冷内解冻的榴莲果泥/草莓果泥出现破损，不扣分 ③冷冻冰箱内生椰乳 / 储物柜内西米出现破损，不扣分,,CS-0191,,迁移自规则表,原物料破损共识|门店伙伴对于|物料本身|有明确加工处理动作后|日常理货|直接平冷解冻除外,consensus-link|migrated-from-rules|category-储存与离地问题,启用,迁移自规则表 R-0114；原条款编号=None；分类=储存与离地问题,2026-04-22 11:57:12
FAQ-0069,包材过期扣分尺度,包材耗材 满足以下三个先决条件 （①同一批次②配套的③来货时同一箱） ，发现过期仅扣一次（例如配套的宝宝碗盖和宝宝碗）,,CS-0194,,迁移自规则表,包材过期扣分尺度|包材耗材|满足以下三个先决条件,consensus-link|migrated-from-rules|category-物料效期问题,启用,迁移自规则表 R-0115；原条款编号=43；分类=物料效期问题,2026-04-22 11:57:12
FAQ-0070,门店设施器具破损稽核尺度,标准范围： 门店所有的设施器具，包括但不限于：量筒，亚克力碗，门店桌子，凳子等 稽核尺度： 超过1元硬币直径/面积的需要扣分，不足的提醒不扣分 门店可见范围内设施损坏尺度： 门店未报修：门店现场报修，提醒不扣分，报告中记录【下次巡店仍未维修，正常扣分（可维修）】 门店已经报修：不扣分，报告中记录【下次巡店仍未维修，正常扣分（可维修）】,,CS-0195,,迁移自规则表,门店设施器具破损稽核尺度|标准范围|门店所有的设施器具|包括但不限于：量筒|亚克力碗|门店桌子,consensus-link|migrated-from-rules|category-证照/记录/人员规范,启用,迁移自规则表 R-0116；原条款编号=None；分类=证照/记录/人员规范,2026-04-22 11:57:12
FAQ-0071,关于门店空闲状态定义,门店空闲： 当前门店无饮品制作 ，正常扣分,,CS-0196,,迁移自规则表,关于门店空闲状态定义|门店空闲|当前门店无饮品制作|正常扣分,consensus-link|migrated-from-rules|category-其他特殊判定,启用,迁移自规则表 R-0117；原条款编号=28；分类=其他特殊判定,2026-04-22 11:57:12
FAQ-0072,店内吃饭尺度,门店店员穿着工服在店内吃饭 1.在顾客 可视生产区内吃东西 （吧台/调饮区），正常扣分 2.在顾客可视区内但 没有穿工服 （如：客席区等），提醒不扣分,,CS-0197,,迁移自规则表,店内吃饭尺度|1.在顾客|可视生产区内吃东西|吧台/调饮区|正常扣分|2.在顾客可视区内但,consensus-link|migrated-from-rules|category-其他特殊判定,启用,迁移自规则表 R-0118；原条款编号=333；分类=其他特殊判定,2026-04-22 11:57:12
FAQ-0073,门店K项环境卫生共识,关于顾客可视区域内堆放物料尺度 门店店内环境过小，可放置货架在吧台侧边的通道处放置包材物料 门店过小（ 实际判断店内无法存放的 ），无法存放清洁工具等器具，只要不放门店正前方即可（侧面或者后门均可） 关于门店设施破损扣分尺度 针对门店的设施如：桌子，地面，墙面等（不含公司装修可维护的） 破损扣分程度：需要超过一个硬币大小才扣分，不足的在报告中提醒就好,,CS-0198,,迁移自规则表,门店K项环境卫生共识|门店店内环境过小|门店过小|实际判断店内无法存放的|无法存放清洁工具等器具|关于门店设施破损扣分尺度,consensus-link|migrated-from-rules|category-设备器具清洁/霉变/积垢,启用,迁移自规则表 R-0119；原条款编号=None；分类=设备器具清洁/霉变/积垢,2026-04-22 11:57:12
FAQ-0074,调饮区常温物料储存尺度,常温物料 ：珍珠、西米等半成品 系统内 ： 低峰期 未盖盖储存在操作台（常温物料）-未盖盖储存在操作台（常温物料） 修改内容 ：删除了低峰期 内部共识 ：低峰期为内部扣分尺度，对外任何时候物料均需盖盖储存 低峰期 ：无饮品操作 高峰期 ：饮品超过3杯（包括小票机）,,CS-0199,,迁移自规则表,调饮区常温物料储存尺度|常温物料|珍珠|西米等半成品|系统内|低峰期,consensus-link|migrated-from-rules|category-储存与离地问题,启用,迁移自规则表 R-0120；原条款编号=37；分类=储存与离地问题,2026-04-22 11:57:12
FAQ-0075,门店员工须遵守在店着装及行为要求共识,1.关于工服稽核标准共识 以下情况不扣分： 一、因公司原因断货没穿工服 二、全店 统一穿 公司文化衫 三、店员在店内没穿工服，但是没有进行操作 四、非门店人员进行操作、老板临时帮忙（例如督导、公司维修等） 2.关于口罩佩戴共识： 口罩未佩戴好（未遮住口鼻等），提醒； 3.关于鞋子共识： 所有鞋都不扣分 ，非仪容仪表图内要求的鞋子种类均提醒；（图1） 4.关于头发、指甲共识： 男生头发盖颈、女生碎发露出不扣分； 从前往后看看不到指甲不扣分 5.关于冰袖共识： 冰丝冰袖缩短使用或裁剪使用，不扣分； 6.关于双眼皮贴、痘痘贴等共识： 门店伙伴有贴双眼皮贴、痘痘贴要扣分； 7.关于项链共识：项链坠子是否外露为判断标准 a.项链坠子在衣服外，需扣分； b.项链坠子在衣服内，只能看到项链链条，提醒； 8.关于吧台发现玩手机共识： a.若核实是 私人手机，需扣分 ； b.若核实为 门店手机，不扣分； 9.关于私人物品存放共识： 私人物品（如可乐等） 张贴禁用标志放在操作区 ，扣行为规范； 10.关于工服穿戴 冬季外套搭配夏季围裙，扣分 11.员工休息时，除了抽烟扣分，其余行为不扣分,,CS-0200,,迁移自规则表,1.关于工服稽核标准共识|以下情况不扣分|因公司原因断货没穿工服|全店|统一穿|公司文化衫,consensus-link|migrated-from-rules|category-证照/记录/人员规范,启用,迁移自规则表 R-0121；原条款编号=12；分类=证照/记录/人员规范,2026-04-22 11:57:12
FAQ-0076,关于毛巾共识问题更新,除棕色毛巾外其他毛巾之间无论是否混放/接触均不扣分（图1） 绿色/蓝色/棕色 毛巾和食品操作器具悬挂在一起， 无接触 扣清洁工具定位， 有接触 扣交叉污染（图2图3） 特殊： 绿色毛巾，门店反馈为专用清洁食品器具内部或者消毒后并未使用悬挂在此，不扣分 棕色毛巾放置在操作台上或使用在不可使用区域（区域范围详见古茗学院），扣交叉污染 白色毛巾用于其他地方均扣交叉，其他毛巾代替白色毛巾扣交叉污染 棕色毛巾 与其他毛巾悬挂在一起，未接触提醒不扣，接触扣定位（图4） 清洁工具和食品器具接触是否扣分，需要根据现场情况进行判断是否可能产生交叉污染的风险，并非一刀切 举例： 图5：粘板下垫毛巾，实际为非食品接触面接触，风险较低，不扣 图6：无脚滤盆下垫毛巾，滤盆冲洗煮制品时，污染源会随孔洞污染食品，故扣交叉；反之有脚滤盆下垫毛巾，实际无食品接触可能，不扣。,,CS-0201,,迁移自规则表,关于毛巾共识问题更新|绿色/蓝色/棕色|无接触|扣清洁工具定位|有接触|扣交叉污染（图2图3,consensus-link|migrated-from-rules|category-交叉污染问题,启用,迁移自规则表 R-0122；原条款编号=34；分类=交叉污染问题,2026-04-22 11:57:12
FAQ-0077,盐效期共识,盐的效期切换导致门店存在2种效期， 实地稽核时发现门店未留原包装，提醒门店重新打印180天的效期即可 ， 暂不做扣分 ，具体扣分时间等通知,,CS-0206,,迁移自规则表,盐效期共识|暂不做扣分|具体扣分时间等通知,consensus-link|migrated-from-rules|category-物料效期问题,启用,迁移自规则表 R-0123；原条款编号=None；分类=物料效期问题,2026-04-22 11:57:12
FAQ-0078,关于700ml摇杯稽核,因为仓库700ml的摇杯断货，因此门店使用500ml摇杯操作不扣分（ 本共识有效期为5月）,,CS-0207,,迁移自规则表,关于700ml摇杯稽核|本共识有效期为5月,consensus-link|migrated-from-rules|category-物料效期问题,启用,迁移自规则表 R-0124；原条款编号=None；分类=物料效期问题,2026-04-22 11:57:12
FAQ-0079,器具维护类相关共识,1.因公司提供器具本身问题， 按扣罐盖子隔层内部 的 清洁发霉 问题不作为稽核点， 提醒 ；（图1） 2.门店将开裂破损的量桶用于盛装工器具 ，若 张贴标识（如【禁止使用】或【装器具】等明确说明/区分用途的标识），提醒不扣分 ;若无任何标识，正常记录扣分； 3.关于器具破损，如 不影响食品安全及功能性 不进行扣分 提醒即可 ； 4. 公司老款密封夹生锈提醒不扣分 ，参考（图2）； 5.门店奶露 滤网中空缝隙处积垢 比较严重，因无法进行拆卸，没法进行清洁， 提醒 ； 6.公司 器具涂层脱落，提醒更换 ； 7.目前由于所有型号的摇杯都可能涉及到柠檬的捶打，故关于 摇杯的底部破损暂不作为扣分点 ，提醒门店及时更换； 8.针对 所有器具破损 扣分程度：需要 超过一个硬币大小才扣分 ，不足的在报告中提醒就好； 9. 明显闲置的设备器具 （例如操作台上已积灰的量桶等） 出现破损积垢等问题点不作扣分 ，发霉、虫鼠害（活体或尸体）除外; a. 霉菌有扩散性 会直接或间接污染生产环境内的物料（例如明显 闲置的器具在冷藏冰箱内环境中扣15分，货架上的扣5分 ） b. 虫鼠害活体/尸体均会携带病毒微生物等污染物 ，同时尸体腐烂后会产生一定异味污染环境；,,CS-0209,,迁移自规则表,器具维护类相关共识|按扣罐盖子隔层内部|清洁发霉|问题不作为稽核点|提醒|图1,consensus-link|migrated-from-rules|category-设备器具清洁/霉变/积垢,启用,迁移自规则表 R-0125；原条款编号=84；分类=设备器具清洁/霉变/积垢,2026-04-22 11:57:12
FAQ-0080,陈列尺度补充,门店出现抓娃娃机不稽核，包括内部的东西,,CS-0210,,迁移自规则表,陈列尺度补充|门店出现抓娃娃机不稽核|包括内部的东西,consensus-link|migrated-from-rules|category-其他特殊判定,启用,迁移自规则表 R-0126；原条款编号=None；分类=其他特殊判定,2026-04-22 11:57:12
FAQ-0081,香蕉牛乳、雀巢淡奶油储存尺度,香蕉牛乳、雀巢淡奶油未使用保鲜膜密封，不扣分（见图1） 如果门店剪口后，口是敞开的提醒门店盖上保鲜膜,,CS-0211,,迁移自规则表,香蕉牛乳|雀巢淡奶油储存尺度|不扣分（见图1|如果门店剪口后,consensus-link|migrated-from-rules|category-储存与离地问题,启用,迁移自规则表 R-0127；原条款编号=None；分类=储存与离地问题,2026-04-22 11:57:12
FAQ-0082,食品操作容器使用共识,关于【食品操作容器用作清洁容器】扣分尺度 一、食品操作容器 泡器具 无论是去渍还是消毒；若有标识，提醒，若无标识，扣分 二、食品操作容器 泡毛巾 不管是去渍还是消毒：均扣分,,CS-0212,,迁移自规则表,食品操作容器使用共识|食品操作容器|泡器具|无论是去渍还是消毒|若有标识|提醒,consensus-link|migrated-from-rules|category-外购与非认可物料/器具,启用,迁移自规则表 R-0128；原条款编号=34；分类=外购与非认可物料/器具,2026-04-22 11:57:12
FAQ-0083,关于抹茶液稽核尺度,抹茶液在 1小时 内有摇匀动作不扣分，但使用前未摇匀落饮品观察点,,CS-0213,,迁移自规则表,关于抹茶液稽核尺度|抹茶液在|1小时|内有摇匀动作不扣分,consensus-link|migrated-from-rules|category-其他特殊判定,启用,迁移自规则表 R-0129；原条款编号=None；分类=其他特殊判定,2026-04-22 11:57:12
FAQ-0084,木制食品器具共识,若门店出现木制食品器具（如木制刀柄等）， 若没有发霉，提醒不扣分 ； 若刀柄这类不与食品直接接触的木制器具发霉，扣5分器具外表面发霉,,CS-0214,,迁移自规则表,木制食品器具共识|若没有发霉|提醒不扣分|扣5分器具外表面发霉,consensus-link|migrated-from-rules|category-设备器具清洁/霉变/积垢,启用,迁移自规则表 R-0130；原条款编号=None；分类=设备器具清洁/霉变/积垢,2026-04-22 11:57:12
FAQ-0085,草莓摘叶子后需打去蒂效期,一、草莓摘叶子后（无论是否清洗过），由于过程中无法判断是否损伤果肉，因此需打去蒂效期； 1、未清洗的草莓摘叶子，若未打效期，扣无效期 2、清洗后的草莓摘叶子，若打印清洗效期，扣效期错误 二、现场发现草莓摘叶子后未去蒂的状态（见图1） 1、若门店反馈直接称量进行饮品制作，扣5分水果操作 2、若门店反馈会先去蒂再进行饮品制作，提醒不扣分,,CS-0215,,迁移自规则表,草莓摘叶子后需打去蒂效期|因此需打去蒂效期|未清洗的草莓摘叶子|若未打效期|扣无效期|清洗后的草莓摘叶子,consensus-link|migrated-from-rules|category-物料效期问题,启用,迁移自规则表 R-0131；原条款编号=None；分类=物料效期问题,2026-04-22 11:57:12
FAQ-0086,冷藏/冷冻柜出风口发霉不扣分,冷藏/冷冻柜出风口发霉，由于门店不易清洁/无法清洁，且暂未给出指引，因此提醒不扣分（可见图片案例）,,CS-0216,,迁移自规则表,冷藏/冷冻柜出风口发霉|且暂未给出指引,consensus-link|migrated-from-rules|category-设备器具清洁/霉变/积垢,启用,迁移自规则表 R-0132；原条款编号=None；分类=设备器具清洁/霉变/积垢,2026-04-22 11:57:12
FAQ-0087,训练店学员行为不扣分,训练店由带训中学员产生的操作问题均提醒不扣分，由学员产生的其他问题正常扣分,,CS-0217,,迁移自规则表,训练店学员行为不扣分,consensus-link|migrated-from-rules|category-其他特殊判定,启用,迁移自规则表 R-0133；原条款编号=None；分类=其他特殊判定,2026-04-22 11:57:12
